query_id,query,oracle_k,best_budget_tie_count,smallest_k_matching_or_exceeding_100,oracle_ndcg_at_10,ndcg_at_100_budget,query_token_count,retrieval_margin_1_2,retrieval_margin_1_10,retrieval_score_std_top10,retrieval_score_std_top100,retrieval_score_entropy_top100,query_overlap_mean_top20,query_overlap_max_top20,candidate_lexical_diversity_top20,ndcg_at_10_k_5,ndcg_at_10_k_10,ndcg_at_10_k_20,ndcg_at_10_k_30,ndcg_at_10_k_50,ndcg_at_10_k_100
1030,Reducing H3k4me3 methylation induces mouse epiblast stem cells to naive pluripotency efficiently.,5,6,5,1.0,1.0,12,0.0449213981628418,0.1294124722480774,0.03575768022360181,0.05664294325548436,0.9996374781227583,0.4333333333333333,0.6666666666666666,0.8623091111064829,1.0,1.0,1.0,1.0,1.0,1.0
1032,Reduction of purity of cytoplasmic membranes isolated from overexpressors is indicated by stronger spots for OmpA in 2D BN-PAGE gels.,5,1,5,1.0,0.5,19,0.02927371859550476,0.06460368633270264,0.0184977382586386,0.031222235108713,0.9998912733998673,0.29210526315789476,0.42105263157894735,0.9059102645218161,1.0,0.6309297535714575,0.6309297535714575,0.5,0.5,0.5
1038,Replacement of OCT4 and SOX2 genes with GATA3 is not capable of reprogramming human cells.,5,6,5,1.0,1.0,14,0.048748552799224854,0.11945298314094543,0.035618950536246696,0.03853352069397985,0.999832420991346,0.5178571428571428,0.7857142857142857,0.8619716839170832,1.0,1.0,1.0,1.0,1.0,1.0
1040,Replacement of histone H2A with H2A.Z accelerates gene activation in yeasts by destabilizing +1 nucleosomes.,20,4,20,0.23719771276929622,0.23719771276929622,15,0.060562849044799805,0.15176421403884888,0.04547765821045825,0.07533847014734424,0.9993419125948992,0.4666666666666668,0.6666666666666666,0.8649285084098964,0.0,0.0,0.23719771276929622,0.23719771276929622,0.23719771276929622,0.23719771276929622
1042,Repressing IL-18 has negative effects on atherosclerotic lesion composition and progression.,5,6,5,1.0,1.0,11,0.08211815357208252,0.2676192820072174,0.08952081360314831,0.05814799101023262,0.9995890980498092,0.24999999999999994,0.36363636363636365,0.8991974906707941,1.0,1.0,1.0,1.0,1.0,1.0
1047,Ribosome-inactivating protein-2 (RIP-2) interacts with the p75 NTR death domain,100,1,100,1.0,1.0,10,0.014879584312438965,0.0608142614364624,0.019594060160697615,0.038673400417157326,0.9998316489894067,0.21999999999999997,0.4,0.8960015590298447,0.0,0.0,0.0,0.0,0.0,1.0
105,Alteration of origin firing causes changes in termination zones of Okazaki fragments.,5,6,5,1.0,1.0,11,0.026641428470611572,0.13303062319755554,0.04440334979435085,0.03282216349150206,0.9998761351580475,0.23636363636363633,0.6363636363636364,0.906701902235084,1.0,1.0,1.0,1.0,1.0,1.0
1053,Rising temperatures caused by global warming lowers the risk of dengue fever transmission.,5,6,5,0.6309297535714575,0.6309297535714575,13,0.01428920030593872,0.19984444975852966,0.07472065504609984,0.07134106849620554,0.9993872922798649,0.2923076923076923,0.5384615384615384,0.9088892173238612,0.6309297535714575,0.6309297535714575,0.6309297535714575,0.6309297535714575,0.6309297535714575,0.6309297535714575
1055,Risk-adjusted mortality rates are similar in teaching and non-teaching hospitals.,5,6,5,1.0,1.0,10,0.19433987140655518,0.2546393573284149,0.06992303055431029,0.056947843753988814,0.9996111312557469,0.38499999999999995,0.7,0.8920155347832355,1.0,1.0,1.0,1.0,1.0,1.0
1068,ScPif1p has reduced binding ability to G-rich ssDNA compared to non-G-rich ssDNA.,20,2,20,0.43067655807339306,0.2890648263178879,10,0.05736997723579407,0.09275901317596436,0.02671754395119181,0.024168594360266926,0.9999346589303892,0.18500000000000003,0.4,0.8973974447003455,0.0,0.0,0.43067655807339306,0.43067655807339306,0.3333333333333333,0.2890648263178879
1069,Scapular stabilizer exercises are more effective than general exercise therapy in reducing pain and improving function of the shoulder.,5,6,5,1.0,1.0,19,0.020132482051849365,0.21845251321792603,0.06999682849623405,0.07000334892956121,0.9994123757045473,0.3631578947368421,0.7368421052631579,0.9024453813997216,1.0,1.0,1.0,1.0,1.0,1.0
1075,Sequence conservation in gene regulatory regions between species is a poor predictor of conserved functionality.,50,2,50,1.0,1.0,15,0.040016889572143555,0.08776980638504028,0.025621587015659766,0.03407693970844158,0.9998698806930696,0.4166666666666667,0.6,0.9028004371143654,0.0,0.0,0.0,0.0,1.0,1.0
1085,Side effects associated with antidepressants lower risk of myocardial infarction.,5,6,5,1.0,1.0,10,0.03913566470146179,0.09879130125045776,0.027616734140131945,0.040606236993741794,0.999815074312541,0.43500000000000005,0.7,0.9038050837744463,1.0,1.0,1.0,1.0,1.0,1.0
109,An M2-like phenotype in brown adipose tissue macrophages is quickly induced by cold exposure.,5,6,5,0.6309297535714575,0.6309297535714575,14,0.01062154769897461,0.09944957494735718,0.033886184853594174,0.06214772679456938,0.9995554417126354,0.4357142857142858,0.7142857142857143,0.891846301807292,0.6309297535714575,0.6309297535714575,0.6309297535714575,0.6309297535714575,0.6309297535714575,0.6309297535714575
1091,Sn is present on mature DCs during inflammation in vivo.,5,6,5,0.0,0.0,10,0.011736869812011719,0.047325074672698975,0.013872750307964773,0.026327339078843555,0.9999238321726357,0.34,0.6,0.8980205136220674,0.0,0.0,0.0,0.0,0.0,0.0
1097,Splenomegaly is observed in knockin mouse lacking the SHP-2 MAPK pathway.,10,5,10,1.0,1.0,11,0.0035965442657470703,0.034992486238479614,0.011642572744293256,0.025353254238137325,0.9999286608971568,0.3409090909090909,0.5454545454545454,0.8976425259359477,0.3333333333333333,1.0,1.0,1.0,1.0,1.0
1102,Stiff substrates inhibit mesodermal differentiation by degrading beta-catenin in an integrin-dependent manner.,5,6,5,1.0,1.0,12,0.06733953952789307,0.14222931861877441,0.0427335871026092,0.049362171840416906,0.9997198072591715,0.2125,0.4166666666666667,0.9028292398031176,1.0,1.0,1.0,1.0,1.0,1.0
1111,Sudden death can occur in patients with complex ventricular arrhythmias.,20,4,20,1.0,1.0,10,0.02221006155014038,0.0948682427406311,0.031779848899439925,0.04900670885265297,0.9997301038750809,0.38,0.6,0.8948799719160715,0.0,0.0,1.0,1.0,1.0,1.0
1136,TNFAIP3 is a tumor enhancer in glioblastoma.,5,6,5,1.0,1.0,7,0.007396340370178223,0.041283249855041504,0.011426872476516886,0.04311889202011734,0.9997934543999369,0.5857142857142856,1.0,0.8858676712526385,1.0,1.0,1.0,1.0,1.0,1.0
1159,The DESMOND program demonstrates no significant impact on weight loss.,5,6,5,0.0,0.0,10,0.002178698778152466,0.03475308418273926,0.012699711248282395,0.025831336877774447,0.9999260887970771,0.4050000000000001,0.6,0.9005232559471127,0.0,0.0,0.0,0.0,0.0,0.0
1165,The G34R/V mutation does not create a hypomethylated phenotype at the H3K36 histone.,5,1,5,0.6309297535714575,0.3562071871080222,13,0.009357273578643799,0.06494057178497314,0.019464941058505335,0.041584765877203105,0.9998088577404968,0.3192307692307693,0.5384615384615384,0.8894363220520063,0.6309297535714575,0.5,0.38685280723454163,0.38685280723454163,0.38685280723454163,0.3562071871080222
1170,The NF-κB essential modulator gene induces intestinal inflammation by promoting receptor-interacting protein (RIP) kinase 1 kinase activity-mediated epithelial cell death.,5,6,5,1.0,1.0,20,0.19081556797027588,0.27039289474487305,0.07610572443360238,0.0602011052296056,0.999561181073991,0.28500000000000003,0.85,0.8831772063253365,1.0,1.0,1.0,1.0,1.0,1.0
1173,The PDPN gene deactivates the C-type lectin receptor (CLEC-2).,5,6,5,1.0,1.0,8,0.17840576171875,0.23193544149398804,0.06698719918452323,0.03638345698578993,0.9998398490002409,0.2625,0.75,0.9120737737817555,1.0,1.0,1.0,1.0,1.0,1.0
1181,The RANK-RANK-Ligand (RANKL) pathway is involved in the development of Aire-expressing medullary thymic epithelial cells (mTECs).,5,6,5,1.0,1.0,15,0.06941139698028564,0.28458166122436523,0.08882164911965658,0.07569488481262629,0.9992822438623502,0.5033333333333333,0.8,0.8803242941158017,1.0,1.0,1.0,1.0,1.0,1.0
1186,The World Health Organization's (WHO) data collection process is biased downward by unequal selection of larger outbreaks.,5,4,5,1.0,0.6309297535714575,18,0.030844509601593018,0.09844258427619934,0.02898535114900974,0.03910681419803774,0.9998280078428804,0.27222222222222225,0.4444444444444444,0.9105881381390492,1.0,1.0,1.0,1.0,0.6309297535714575,0.6309297535714575
119,Antidepressants increase the severity of migraines.,5,6,5,1.0,1.0,6,0.0368075966835022,0.07982295751571655,0.021966843805954706,0.09922544339602923,0.9988641701154735,0.3583333333333333,0.6666666666666666,0.8990725496349762,1.0,1.0,1.0,1.0,1.0,1.0
1195,The artifactual C-terminal helix swapping in the StART domain is observed in the Ups1-Mdm35 heterodimer of the StARkin superfamily.,5,6,5,1.0,1.0,15,0.04410466551780701,0.0740651786327362,0.020402230438631024,0.02392835867047649,0.9999363055593457,0.2966666666666667,0.4,0.8996688895465602,1.0,1.0,1.0,1.0,1.0,1.0
120,Antidepressants reduce the severity of migraines.,5,6,5,1.0,1.0,6,0.05417662858963013,0.08568441867828369,0.022806608110769594,0.09296052239918554,0.999005482748438,0.3499999999999999,0.6666666666666666,0.9066691682008357,1.0,1.0,1.0,1.0,1.0,1.0
1205,The combination of physical examinations with C-reactive protein values do not improve the accuracy of radiographic verified pneumonia predictions.,5,6,5,1.0,1.0,17,0.2478606104850769,0.33174124360084534,0.09359674573094423,0.06883535240437152,0.999411204985773,0.2735294117647059,0.5294117647058824,0.8979570707199742,1.0,1.0,1.0,1.0,1.0,1.0
1208,The cytokine receptor which regulates chemotaxis and formation of lymph nodes is involved in production of myeloperoxidase in the left atrium.,5,4,5,1.0,0.5,18,0.112749844789505,0.15654227137565613,0.04371901506747734,0.03053884017140805,0.999892323332768,0.3388888888888889,0.4444444444444444,0.9068518700789744,1.0,1.0,1.0,1.0,0.6309297535714575,0.5
1211,The density of cytokine receptor bearing cells has no effect on the distance over which cytokines act.,5,6,5,1.0,1.0,16,0.16442492604255676,0.19960716366767883,0.057496975112879274,0.0329174400885835,0.9998713401159687,0.33125,0.6875,0.9024228155932134,1.0,1.0,1.0,1.0,1.0,1.0
122,Antimicrobial agents are more effective due to the pressure of antimicrobial usage.,10,2,10,0.6309297535714575,0.5,11,0.04807567596435547,0.11930394172668457,0.03098590646686902,0.04276770079946414,0.9997916810073545,0.4545454545454545,0.7272727272727273,0.9108758527494405,0.3333333333333333,0.6309297535714575,0.6309297535714575,0.5,0.5,0.5
1224,The latent infection of myeloid cells with human cytomegalovirus induces a number of changes in gene expression.,5,1,5,0.5,0.3065735963827292,16,0.03628593683242798,0.14785587787628174,0.04755833881531932,0.09461416426098318,0.9989197592458202,0.63125,0.8125,0.8694404557922604,0.5,0.4911492931622974,0.3065735963827292,0.3065735963827292,0.3065735963827292,0.3065735963827292
1230,The minor G allele of FOXO3 downregulates pro-inflammatory cytokines.,5,6,5,1.0,1.0,9,0.08670151233673096,0.19651174545288086,0.053916462138777356,0.042871129722926275,0.9997837435417498,0.2833333333333333,0.6666666666666666,0.8902443102685913,1.0,1.0,1.0,1.0,1.0,1.0
1234,The minor G allele of FOXO3 up-regulates IL-10.,5,6,5,1.0,1.0,8,0.03831672668457031,0.13723114132881165,0.04450333579093338,0.04355118487744807,0.9997810764347114,0.325,0.75,0.888092600268388,1.0,1.0,1.0,1.0,1.0,1.0
1235,The morphology change from large white adipocytes to small brown adipocytes is a sign of decreased energy expenditure potential in white adipose tissue.,5,1,5,0.43067655807339306,0.31546487678572877,21,0.05049788951873779,0.15458053350448608,0.0445679259347599,0.07796687679467734,0.9992968329784693,0.5119047619047619,0.6666666666666666,0.8826784416273581,0.43067655807339306,0.38685280723454163,0.3562071871080222,0.3333333333333333,0.31546487678572877,0.31546487678572877
1265,The risk of breast cancer among parous women decreases with placental weight of pregnancies.,5,1,5,1.0,0.6309297535714575,13,0.018922269344329834,0.17214739322662354,0.056594982731935535,0.08912657804238433,0.9990585594315652,0.5846153846153845,0.8461538461538461,0.8705861318124121,1.0,0.6309297535714575,0.6309297535714575,0.6309297535714575,0.6309297535714575,0.6309297535714575
1289,There is a relation between Erythromycin use and hypertrophic pyloric stenosis.,5,6,5,1.0,1.0,11,0.10816353559494019,0.19365191459655762,0.05729509389115624,0.03733426225680655,0.9998364722104284,0.3227272727272727,0.6363636363636364,0.9269845185531783,1.0,1.0,1.0,1.0,1.0,1.0
1295,There is no relation between Erythromycin use and hypertrophic pyloric stenosis.,5,6,5,1.0,1.0,11,0.08532080054283142,0.1547909379005432,0.04565516400241841,0.03133981982538102,0.9998869737034083,0.2545454545454545,0.6363636363636364,0.9257679490713465,1.0,1.0,1.0,1.0,1.0,1.0
1306,Toll-like receptor (TLR) signaling is involved in the pathogenesis of human MDS.,5,6,5,0.0,0.0,12,0.0002262592315673828,0.0606953501701355,0.02200061296835033,0.06065814981387829,0.9995792374983051,0.5874999999999998,0.75,0.8946376543260027,0.0,0.0,0.0,0.0,0.0,0.0
1309,Tonic signaling from the scFv prevents constitutive stimulation.,5,6,5,0.0,0.0,8,0.004959195852279663,0.03743961453437805,0.012696029669066643,0.019219149405425007,0.9999592622129577,0.26875,0.5,0.9046745986568125,0.0,0.0,0.0,0.0,0.0,0.0
1310,Traditional reviews are biased in their interpretations.,5,6,5,1.0,1.0,7,0.06038469076156616,0.15217062830924988,0.04634618175025693,0.050690864437198516,0.9997026794688396,0.35,0.5714285714285714,0.9025739422589387,1.0,1.0,1.0,1.0,1.0,1.0
1314,Transcription rates in S. cerevisiae range between 0.7 and 2 kb/min.,5,2,5,0.6131471927654584,0.38685280723454163,12,0.01534891128540039,0.090640127658844,0.031932926933830576,0.047073760271951016,0.9997523572457693,0.32500000000000007,0.5,0.894502318852479,0.6131471927654584,0.6131471927654584,0.38685280723454163,0.38685280723454163,0.38685280723454163,0.38685280723454163
1328,Tuberculosis-induced granulomas express different immune system protein signatures than the surrounding tissue.,5,6,5,0.6309297535714575,0.6309297535714575,12,0.05215013027191162,0.3031134009361267,0.0969615261352433,0.07837890347669683,0.9992237567947553,0.2125,0.5,0.9029345457357514,0.6309297535714575,0.6309297535714575,0.6309297535714575,0.6309297535714575,0.6309297535714575,0.6309297535714575
1330,Tumor development occurs in conjunction with suppression of pro-inflammatory cytokines.,5,6,5,0.0,0.0,10,0.04479473829269409,0.11266982555389404,0.03162189837524163,0.03559849709280123,0.9998564040722666,0.39000000000000007,0.5,0.891474415224363,0.0,0.0,0.0,0.0,0.0,0.0
1342,Understanding epigenetic regulation of replication is essential for the reational design of episomally replicating vectors.,5,1,5,1.0,0.5,14,0.014816522598266602,0.08745068311691284,0.029321864108332055,0.032834574977681885,0.9998796468995437,0.3392857142857142,0.5,0.8948563561608199,1.0,0.6309297535714575,0.5,0.5,0.5,0.5
1353,Urbanization is an important risk factor related to the transmission of dengue fever.,5,6,5,0.6309297535714575,0.6309297535714575,13,0.05607128143310547,0.30668050050735474,0.11060152736732662,0.09040152340018964,0.9989741375306862,0.45769230769230773,0.6923076923076923,0.9083037314106048,0.6309297535714575,0.6309297535714575,0.6309297535714575,0.6309297535714575,0.6309297535714575,0.6309297535714575
1361,Varying expression levels of EBI2 affect the positioning and migration of B cells.,5,6,5,1.0,1.0,12,0.0611688494682312,0.15951156616210938,0.050259900690197326,0.045674908806197914,0.9997565428834092,0.4708333333333333,0.6666666666666666,0.8950584294945003,1.0,1.0,1.0,1.0,1.0,1.0
1373,Walking in traffic areas in London improves lung function in elderly adults.,5,6,5,1.0,1.0,10,0.20620054006576538,0.27587348222732544,0.07853118678648899,0.057404911799074136,0.9996077445555364,0.23500000000000001,0.7,0.8960697289685039,1.0,1.0,1.0,1.0,1.0,1.0
1374,Weighed food records (WFR) result in high completion since they're cheap to run and impose low participant burden.,5,1,5,1.0,0.6309297535714575,19,0.03858506679534912,0.08785688877105713,0.027702852258979154,0.03864184118380258,0.99983226806578,0.22368421052631576,0.42105263157894735,0.9140930143759531,1.0,0.6309297535714575,0.6309297535714575,0.6309297535714575,0.6309297535714575,0.6309297535714575
1391,miR-142-5P is a known regulator of raised body temperature.,5,6,5,1.0,1.0,9,0.16212338209152222,0.2385271191596985,0.06827995843302458,0.05247300818348268,0.9996749196197668,0.37777777777777777,0.7777777777777778,0.8886415947263916,1.0,1.0,1.0,1.0,1.0,1.0
1392,miR-142-5P is a temperature-sensitive microRNA (miRNA).,5,6,5,1.0,1.0,6,0.0324057936668396,0.10454308986663818,0.032308925946720114,0.05221306806698192,0.9996917258537242,0.5166666666666666,1.0,0.8823199454419334,1.0,1.0,1.0,1.0,1.0,1.0
1406,β-sheet opening occurs during pleurotolysin pore formation.,5,6,5,1.0,1.0,7,0.11221182346343994,0.22166705131530762,0.0677033258418176,0.03818964011594872,0.9998257353150254,0.15,0.8571428571428571,0.907466790958462,1.0,1.0,1.0,1.0,1.0,1.0
149,Autophagy deficiency in the liver increases vulnerability to insulin resistance.,5,6,5,1.0,1.0,10,0.06780517101287842,0.20276588201522827,0.06397380093328184,0.05744624879020742,0.9996136276976997,0.5700000000000001,0.8,0.8752095749885846,1.0,1.0,1.0,1.0,1.0,1.0
152,B cells go though plasmablast differentiation and antibody production by continuous expression of EBI2.,5,6,5,1.0,1.0,14,0.08028239011764526,0.19693392515182495,0.05916336221822011,0.05874002658143277,0.9995941587296344,0.4357142857142858,0.7142857142857143,0.8862271391421375,1.0,1.0,1.0,1.0,1.0,1.0
154,B3-Galectin increases cell resistance to tyrosine kinase inhibitors (TKIs) by engaging the alternate KRAS-RalB signaling complex downstream of EGFR.,5,6,5,1.0,1.0,19,0.028328001499176025,0.07724753022193909,0.022732439417640467,0.03531357958085038,0.9998598492372349,0.3973684210526316,0.631578947368421,0.8893484592474832,1.0,1.0,1.0,1.0,1.0,1.0
155,BCL-2 activation antagonizes the apoptotic effects of c-Myc.,5,1,5,0.6309297535714575,0.5,8,0.05265069007873535,0.16228389739990234,0.04883113452496085,0.056813826524954314,0.9996227820159251,0.4125,0.625,0.8971394557772236,0.6309297535714575,0.5,0.5,0.5,0.5,0.5
156,BCL-2 promotes the apoptotic effects of c-Myc.,5,6,5,1.0,1.0,7,0.06664985418319702,0.15072530508041382,0.04437262453435335,0.05754898555968454,0.9996143952997347,0.4428571428571429,0.7142857142857143,0.8971394557772236,1.0,1.0,1.0,1.0,1.0,1.0
178,Birth-weight is negatively associated with breast cancer.,5,2,5,0.9828920819566879,0.9619991470595832,7,0.03815114498138428,0.2220558524131775,0.0740169069940814,0.08600981658039122,0.9991089319525177,0.5857142857142856,0.7142857142857143,0.8665282814201904,0.9828920819566879,0.9828920819566879,0.9619991470595832,0.9619991470595832,0.9619991470595832,0.9619991470595832
186,British female students are bullied more than British male students.,5,6,5,1.0,1.0,8,0.21846815943717957,0.31162671744823456,0.08407713587481491,0.05494388572087067,0.9996253553291468,0.325,0.625,0.9012483622137797,1.0,1.0,1.0,1.0,1.0,1.0
200,"CD28 initiates tonic signaling in conventional T cells, which causes an exhaustion phenotype and limited efficiency.",10,5,10,1.0,1.0,16,0.08232814073562622,0.18543630838394165,0.05489121036366253,0.05719009719159429,0.9996198094470112,0.353125,0.5,0.8793986604015795,0.31546487678572877,1.0,1.0,1.0,1.0,1.0
211,COPI coatmer is involved in viral replication.,5,6,5,0.0,0.0,7,0.021926313638687134,0.059451937675476074,0.017135241188470905,0.025348564412391736,0.9999287963818349,0.42142857142857143,0.5714285714285714,0.9107459625712389,0.0,0.0,0.0,0.0,0.0,0.0
225,Cancer-associated fibroblasts (CAFs) have no known interaction with cancer cells in the formation and activation of CAFs.,5,6,5,0.0,0.0,16,0.12073403596878052,0.2991155982017517,0.09130559440901176,0.0903062181868876,0.9989614985402003,0.55625,0.75,0.8848461922591828,0.0,0.0,0.0,0.0,0.0,0.0
229,Carriers of HNF4A mutations are at reduced risk for diabetes.,5,6,5,1.0,1.0,10,0.09563130140304565,0.18491476774215698,0.05298554721366098,0.038358889424496584,0.9998288495278241,0.395,0.6,0.90785736662906,1.0,1.0,1.0,1.0,1.0,1.0
235,Cell autonomous sex determination in somatic cells occurs in Galliformes.,5,6,5,1.0,1.0,9,0.1045687198638916,0.15591886639595032,0.042282601277645625,0.048443685368548595,0.9997320744128663,0.33333333333333337,0.7777777777777778,0.9023124479297753,1.0,1.0,1.0,1.0,1.0,1.0
242,Cellular clocks are not predictive of mitosis timing in NIH 3T3 cells.,20,2,20,0.8772153153380493,0.8175295903539445,12,0.026017427444458008,0.07409879565238953,0.021029560251114507,0.045372358892607045,0.9997684428174393,0.4,0.5833333333333334,0.8940484248731381,0.6131471927654584,0.6131471927654584,0.8772153153380493,0.8772153153380493,0.8503449055347546,0.8175295903539445
245,Charcoal is an effective treatment for acute paraquat poisoning.,5,1,5,0.38685280723454163,0.2640681225725909,9,0.06098020076751709,0.16893571615219116,0.04568908028685453,0.11516089856896387,0.9982847732888318,0.4722222222222223,0.7777777777777778,0.9079066382644141,0.38685280723454163,0.3065735963827292,0.2640681225725909,0.2640681225725909,0.2640681225725909,0.2640681225725909
250,Chenodeoxycholic acid treatment decreases brown adipose tissue activity.,5,6,5,1.0,1.0,8,0.039335012435913086,0.1850695013999939,0.05761223592942691,0.056311520949748416,0.9996303210512884,0.35625,0.875,0.8883191331834203,1.0,1.0,1.0,1.0,1.0,1.0
272,Combination nicotine replacement therapies with varenicline or bupropion are more effective after 12 weeks of reatment compared to varenicline monotherapy.,5,6,5,1.0,1.0,19,0.04326355457305908,0.38226941227912903,0.13324913736830854,0.07822601484512988,0.9991974132308308,0.42368421052631566,0.7894736842105263,0.8945731085094943,1.0,1.0,1.0,1.0,1.0,1.0
277,"Commelina yellow mottle virus (ComYMV) has three typical badnavirus ORFs, capable of encoding proteins 23, 15, and 216 kD.",5,6,5,1.0,1.0,19,0.08057969808578491,0.29773786664009094,0.09420030604140031,0.0649927677301702,0.9994776121801618,0.2473684210526316,0.7368421052631579,0.907240418184942,1.0,1.0,1.0,1.0,1.0,1.0
286,Converting apoE4 to apoE3 by gene editing prevents the pathology associated with apoE4 in human iPSCderived neurons.,5,6,5,1.0,1.0,16,0.15005970001220703,0.2590446472167969,0.07298759460012574,0.045424584260483805,0.9997503678713346,0.403125,0.75,0.8970906941728605,1.0,1.0,1.0,1.0,1.0,1.0
290,Cost effectiveness evaluations based on cRCT data accurately reflect prices for patients in actual clinical practice.,5,6,5,1.0,1.0,16,0.03771770000457764,0.18457987904548645,0.060905286429448466,0.061005298578741575,0.9995630629417878,0.378125,0.6875,0.8996304556763167,1.0,1.0,1.0,1.0,1.0,1.0
299,Cytochrome c is transferred from cytosol to the mitochondrial intermembrane space during apoptosis.,5,6,5,1.0,1.0,13,0.06629610061645508,0.2031274437904358,0.06009458054646342,0.05962687336955117,0.9995836640958965,0.4230769230769231,0.6923076923076923,0.897739144447829,1.0,1.0,1.0,1.0,1.0,1.0
305,DRD1 proteins enable Pol V transcription in vivo.,5,6,5,1.0,1.0,8,0.009540408849716187,0.06507009267807007,0.024300966000353655,0.029343293933738742,0.9999037216098992,0.2875,0.625,0.9056685523339321,1.0,1.0,1.0,1.0,1.0,1.0
310,De novo assembly of sequence data has fewer specific contigs than unassembled sequence data.,5,6,5,0.0,0.0,12,0.015351176261901855,0.09078109264373779,0.029454036129763987,0.051259503581886995,0.9997040686772815,0.2958333333333333,0.5,0.8914100264847468,0.0,0.0,0.0,0.0,0.0,0.0
331,Deltex interacts with eIF3. There is no known interaction between Deltex and elF3,5,2,5,1.0,0.5,12,0.06656801700592041,0.08814379572868347,0.025059735493178928,0.02203346081829866,0.9999458117096277,0.29166666666666663,0.4166666666666667,0.9098184201287194,1.0,1.0,0.6309297535714575,0.5,0.5,0.5
334,Depletion of nitric oxide is responsible for vasospasm.,5,6,5,1.0,1.0,8,0.10389280319213867,0.16711664199829102,0.047309695305873145,0.0705818473063391,0.9994234663281518,0.55,0.75,0.8882542808151043,1.0,1.0,1.0,1.0,1.0,1.0
342,Diabetic patients with acute coronary syndrome experience decreased short-term and long-term risk for bleeding events.,10,5,10,0.5437713091520254,0.5437713091520254,15,0.017558395862579346,0.10791593790054321,0.035279502123567605,0.0631947192023952,0.9995452409166845,0.4533333333333334,0.6,0.8791373075304816,0.46845052016107697,0.5437713091520254,0.5437713091520254,0.5437713091520254,0.5437713091520254,0.5437713091520254
347,Differentiation of progenitor cells to myeloid cells is skewed when insulin signaling is suppressed.,10,1,10,0.6309297535714575,0.5,12,0.017736077308654785,0.06840497255325317,0.022141021360572586,0.03609397854828929,0.9998543951058972,0.4583333333333333,0.5833333333333334,0.8926078926491621,0.3010299956639812,0.6309297535714575,0.5,0.5,0.5,0.5
351,Distant CREs are important for transcriptional regulation.,5,6,5,0.0,0.0,7,0.07963123917579651,0.11193928122520447,0.03150777074334569,0.024471319404410486,0.9999324030469547,0.35714285714285715,0.7142857142857143,0.8949230303302705,0.0,0.0,0.0,0.0,0.0,0.0
355,Drosophila supracellular actomyosin structures are found at boundaries in wing imaginal discs.,5,2,5,0.9197207891481876,0.8772153153380493,12,0.026336729526519775,0.15415692329406738,0.05262491691506265,0.07184037101935419,0.9994020144306782,0.32500000000000007,0.6666666666666666,0.8968794418051969,0.9197207891481876,0.9197207891481876,0.8772153153380493,0.8772153153380493,0.8772153153380493,0.8772153153380493
356,Dscam1 acts as a hypervariable pattern-recognition receptor for the immune system.,5,6,5,1.0,1.0,11,0.04022955894470215,0.11714568734169006,0.03611310929652083,0.03172643013911908,0.9998857586391201,0.4318181818181818,0.6363636363636364,0.89749562169674,1.0,1.0,1.0,1.0,1.0,1.0
357,"During non-homologous end joining, the ligation step is not as tolerant of disrepairs and other distortions when joining 3' of strand breaks as compared to 5' strand breaks.",5,6,5,1.0,1.0,23,0.0020601749420166016,0.1879594326019287,0.06853158067130156,0.07151790946339223,0.9993946553135119,0.4217391304347826,0.7391304347826086,0.8767935559864649,1.0,1.0,1.0,1.0,1.0,1.0
367,Early patent ductus ateriosus (PDA) screening decreases in-hospital mortality.,5,6,5,1.0,1.0,9,0.009018301963806152,0.2980794608592987,0.12252853852997232,0.0771671539058486,0.9992327298955654,0.26111111111111107,0.7777777777777778,0.8961685750030784,1.0,1.0,1.0,1.0,1.0,1.0
376,Eliminating the last sporadic cases of malaria requires considerable funding.,5,6,5,1.0,1.0,10,0.02283376455307007,0.15042763948440552,0.04747646259730776,0.09618402020302265,0.998959152017682,0.35500000000000004,0.6,0.899290360469983,1.0,1.0,1.0,1.0,1.0,1.0
377,Emodin forms hydrogen bonds with residues involved in PGAM1 substrate binding.,5,6,5,1.0,1.0,11,0.011484414339065552,0.06434985995292664,0.024353118767805895,0.031058025335718616,0.9998920017689958,0.24090909090909088,0.5454545454545454,0.9052291689420636,1.0,1.0,1.0,1.0,1.0,1.0
378,Energy balance requires hypothalamic glutamate neurotransmission.,10,1,5,0.639945385422766,0.615733440277688,6,0.007287919521331787,0.10674536228179932,0.035153652167749835,0.058464180707179195,0.9996074646422366,0.30833333333333335,0.6666666666666666,0.89851039881236,0.6295516106099184,0.639945385422766,0.6217937096682962,0.6217937096682962,0.615733440277688,0.615733440277688
39,A diminished ovarian reserve does not solely indicate infertility in an a priori non-infertile population.,5,6,5,1.0,1.0,14,0.12973308563232422,0.20313945412635803,0.05525691352713154,0.06917706163071177,0.9994304344311629,0.3214285714285714,0.5,0.9031196016458298,1.0,1.0,1.0,1.0,1.0,1.0
394,Excess gestational weight gain is associated with obesity-related pregnancy outcomes.,5,6,5,0.6309297535714575,0.6309297535714575,10,0.18510234355926514,0.30561256408691406,0.09100967418065835,0.07563756908482316,0.9993082242817207,0.38,0.8,0.8956388495511284,0.6309297535714575,0.6309297535714575,0.6309297535714575,0.6309297535714575,0.6309297535714575,0.6309297535714575
397,Exercise reduces cancer mortality rates among Chinese citizens.,5,6,5,1.0,1.0,8,0.049731552600860596,0.15731683373451233,0.048947831619114326,0.061441579187957764,0.9995631061904018,0.30625,0.625,0.8815486085466743,1.0,1.0,1.0,1.0,1.0,1.0
398,Exhaustion of B cells contributes to poor Ab response in HIV-infected individuals.,5,6,5,0.0,0.0,12,0.2195081114768982,0.2860863208770752,0.08181666323372992,0.0546700173926674,0.9996403443665934,0.4041666666666667,0.5833333333333334,0.89124393340533,0.0,0.0,0.0,0.0,0.0,0.0
400,Exposure to fine particulate air pollution is unrelated to anxiety prevalence.,5,6,5,1.0,1.0,10,0.30351561307907104,0.4705589711666107,0.13323948482350376,0.07718560862387003,0.999193467535928,0.33999999999999997,0.9,0.9090966419078723,1.0,1.0,1.0,1.0,1.0,1.0
413,Female carriers of the Apolipoprotein E4 (APOE4) allele have decreased risk for dementia.,5,6,5,0.0,0.0,13,0.019447386264801025,0.18026190996170044,0.05945496751235783,0.09253085555229223,0.99896434991154,0.4384615384615384,0.6923076923076923,0.8984429245917408,0.0,0.0,0.0,0.0,0.0,0.0
425,"For every 1,000 children with cerebral palsy, more than 300 of them are premature or underweight at birth.",5,6,5,1.0,1.0,19,0.05744528770446777,0.3194237947463989,0.10850350184087419,0.06854795363404881,0.9994048598683797,0.3868421052631578,0.631578947368421,0.9034137188057659,1.0,1.0,1.0,1.0,1.0,1.0
429,Formation of N-terminal pyroglutamate by glutamine cyclase (GC) competes with NTAQ1 for Nt-Gln substrates.,5,6,5,1.0,1.0,14,0.01875019073486328,0.11240768432617188,0.03546990244280761,0.06559513570819729,0.9995059568024965,0.2928571428571428,0.35714285714285715,0.9014544476666071,1.0,1.0,1.0,1.0,1.0,1.0
441,G-CSF increases the expansion and infiltration of MDSCs into tumors.,5,6,5,0.6309297535714575,0.6309297535714575,10,0.011699974536895752,0.10192078351974487,0.03404042575221345,0.029812791963165185,0.999899463211153,0.375,0.5,0.8837812518473798,0.6309297535714575,0.6309297535714575,0.6309297535714575,0.6309297535714575,0.6309297535714575,0.6309297535714575
444,GATA3 regulates cell cycle progression in bone marrow hematopoietic stem cells.,5,6,5,1.0,1.0,11,0.21003419160842896,0.28612756729125977,0.08170806713121438,0.050039850346703156,0.9996939938872366,0.46818181818181814,0.7272727272727273,0.892642573021174,1.0,1.0,1.0,1.0,1.0,1.0
445,GATA3 regulates self-renewal capacity in bone marrow hematopoietic stem cells.,5,6,5,1.0,1.0,10,0.15130466222763062,0.25627434253692627,0.07206383476863688,0.0477236482035154,0.9997272079912297,0.5000000000000001,0.7,0.8847044658558254,1.0,1.0,1.0,1.0,1.0,1.0
46,A single nucleotide variant the gene DGKK is strongly associated with increased risk of hypospadias.,5,6,5,1.0,1.0,15,0.3458576202392578,0.3889748454093933,0.11281052118566354,0.05664294192938501,0.9995726902942661,0.4333333333333333,0.7333333333333333,0.9119554631590849,1.0,1.0,1.0,1.0,1.0,1.0
463,Genomic aberrations of metastases provide information for targeted therapy.,5,1,5,0.43067655807339306,0.0,9,0.012540102005004883,0.0600910484790802,0.02120917873076578,0.03549911708661222,0.9998591228452247,0.39999999999999997,0.6666666666666666,0.9026790429125883,0.43067655807339306,0.31546487678572877,0.0,0.0,0.0,0.0
47,A strong bias in the phage genome locations where the spacers were derived has been observed in many CRISPR subtypes that confer the immunity to phage.,5,6,5,1.0,1.0,22,0.1475968360900879,0.3486458957195282,0.10011642083604531,0.07137374758644374,0.9993485253524754,0.35454545454545444,0.6363636363636364,0.8956246954266465,1.0,1.0,1.0,1.0,1.0,1.0
470,"Glioblastoma multiforme (GBM) is characterized by extensive invasion, rapid growth, necrosis, and angiogenesis.",5,6,5,1.0,1.0,13,0.017378628253936768,0.12382996082305908,0.042245123143205436,0.08710628088161164,0.9991160611946874,0.45769230769230773,1.0,0.8814807539151198,1.0,1.0,1.0,1.0,1.0,1.0
492,HOXB4 facilitates HSC expansion when co-cultured with HSCs.,30,3,30,1.0,1.0,8,0.03941664099693298,0.1041269302368164,0.032967570757102646,0.03068786472056763,0.9998929447094077,0.13125,0.375,0.9028231861985562,0.0,0.0,0.0,1.0,1.0,1.0
500,Headaches are correlated with cognitive impairment.,5,6,5,1.0,1.0,6,0.05311238765716553,0.16363346576690674,0.052351631364385164,0.10220833489475169,0.9987777923095166,0.2833333333333333,0.6666666666666666,0.9012119261844374,1.0,1.0,1.0,1.0,1.0,1.0
542,"IFI16 impedes STING phosphorylation and translocation, resulting in reduced activation of STING.",5,6,5,1.0,1.0,11,0.1075214147567749,0.2569338381290436,0.08346981718656286,0.045083521801987464,0.9997515344042809,0.359090909090909,0.7272727272727273,0.9028665241162585,1.0,1.0,1.0,1.0,1.0,1.0
55,AMP-activated protein kinase (AMPK) activation reduces inflammation-related fibrosis in the lungs.,5,2,5,0.43067655807339306,0.38685280723454163,11,0.09602504968643188,0.19282007217407227,0.0566749823158455,0.055584782597216456,0.9996399869158696,0.4636363636363637,0.6363636363636364,0.8974237632610218,0.43067655807339306,0.43067655807339306,0.38685280723454163,0.38685280723454163,0.38685280723454163,0.38685280723454163
559,Immune responses in immune cells are geographically segregated.,5,6,5,0.0,0.0,7,0.02923285961151123,0.06278988718986511,0.018192489791224033,0.03134578745545755,0.9998910539603246,0.55,0.7142857142857143,0.888381836156178,0.0,0.0,0.0,0.0,0.0,0.0
565,"In S. cerevisiae, the absence of RNA surveillance pathways causes sensitivity to high iron conditions.",5,6,5,1.0,1.0,15,0.28669077157974243,0.32966285943984985,0.09651000707168414,0.05049117862182182,0.9996767276970954,0.4066666666666666,0.8666666666666667,0.8955899154274489,1.0,1.0,1.0,1.0,1.0,1.0
570,"In breast cancer, the loss of myoepithelial cells promotes the transition of ductal carcinoma in situ to invasive carcinoma.",5,6,5,1.0,1.0,15,0.23067915439605713,0.30485066771507263,0.08842014932742488,0.0542915831455883,0.9996328098124354,0.5733333333333333,0.8666666666666667,0.8835541922438322,1.0,1.0,1.0,1.0,1.0,1.0
584,"In rhesus macaques, daily subcutaneous injections of tenofovir protects against rectally transmitted simian-human immunodeficiency virus.",5,6,5,1.0,1.0,15,0.008790314197540283,0.17668962478637695,0.06415566231653386,0.08294249996034425,0.9991782274536961,0.30999999999999994,0.6666666666666666,0.907503823388876,1.0,1.0,1.0,1.0,1.0,1.0
600,Including pharmacists in rounding teams does not alter the incidence of adverse drug events (ADEs).,5,6,5,1.0,1.0,15,0.006066501140594482,0.17125320434570312,0.0571529936031259,0.04982525800221564,0.9997087942666912,0.38,0.6666666666666666,0.8990585137172482,1.0,1.0,1.0,1.0,1.0,1.0
609,Increased flux of microbial products provokes immune responses.,20,1,5,0.3010299956639812,0.0,8,0.0070844292640686035,0.05157351493835449,0.015998436960601284,0.04098141429155535,0.9998145267491131,0.34375,0.5,0.8977060923886306,0.0,0.0,0.3010299956639812,0.0,0.0,0.0
610,Increased flux of microbial products suppresses immune responses.,5,6,5,0.0,0.0,8,0.014917075634002686,0.06873410940170288,0.021670988849646133,0.04281393730994045,0.9997971571676627,0.35625,0.75,0.8978071324979516,0.0,0.0,0.0,0.0,0.0,0.0
624,Induced hepatic stem cells possess the potential to differentiate into cholangiocytic cells.,5,6,5,1.0,1.0,11,0.0758931040763855,0.17725995182991028,0.05384996376972095,0.041915340638591043,0.9997955937237811,0.42272727272727273,0.9090909090909091,0.8992243633690495,1.0,1.0,1.0,1.0,1.0,1.0
635,Inhibiting glucose-6-phospate dehydrogenase improves lipogenesis by deactivating LKB1-AMPK signaling.,5,6,5,1.0,1.0,9,0.010256290435791016,0.1057094931602478,0.040712975905982225,0.045864885045443976,0.9997582075653995,0.16666666666666669,0.6666666666666666,0.8863340691048738,1.0,1.0,1.0,1.0,1.0,1.0
650,Integrating classroom-based collaborative learning with Web-based collaborative learning offers the best class performance.,5,3,5,1.0,0.6309297535714575,11,0.22903524339199066,0.3003756254911423,0.08582942360929781,0.04756396453978546,0.9997166209752382,0.19090909090909086,0.2727272727272727,0.9151345600975308,1.0,1.0,1.0,0.6309297535714575,0.6309297535714575,0.6309297535714575
657,Intramembrane cleavage by signal peptide peptidase aids in the degradation of proteins with a complex membrane orientation.,5,6,5,1.0,1.0,17,0.007808566093444824,0.08439278602600098,0.028810784191836802,0.04493950254104456,0.9997717650199941,0.4588235294117647,0.5882352941176471,0.8961701590093254,1.0,1.0,1.0,1.0,1.0,1.0
661,JMJD6 catalyzes the hydroxylation of C-terminal lysine and supresses transcriptional activity.,5,6,5,1.0,1.0,11,0.1282687783241272,0.20444560050964355,0.05729035466194881,0.042867996717349255,0.999781851437806,0.39999999999999997,0.7272727272727273,0.9065257470678064,1.0,1.0,1.0,1.0,1.0,1.0
670,Knockout proximal tubule-specific deletion of the BMP receptor Alk3 causes epithelial damage.,5,6,5,1.0,1.0,12,0.025812387466430664,0.19754183292388916,0.0673147230091113,0.04191464126171899,0.9997910238365837,0.30000000000000004,0.6666666666666666,0.9041276568353535,1.0,1.0,1.0,1.0,1.0,1.0
671,Knockout proximal tubule-specific deletion of the BMP receptor Alk3 causes fibrosis.,5,6,5,1.0,1.0,11,0.11938536167144775,0.21755045652389526,0.06551883086852912,0.043122352603181695,0.9997772974718679,0.3136363636363636,0.6363636363636364,0.9037216323566029,1.0,1.0,1.0,1.0,1.0,1.0
672,L3MBTL2 binds to H2AK119Ub marked chromatin to form a PRC1 complex.,5,6,5,1.0,1.0,10,0.12763071060180664,0.18042594194412231,0.05195534334638173,0.03833968906830586,0.9998292950212677,0.375,0.5,0.8785430129275136,1.0,1.0,1.0,1.0,1.0,1.0
677,LRBA promotes CTLA - 4 recycling.,5,6,5,1.0,1.0,5,0.054580867290496826,0.09597161412239075,0.027637656289205455,0.025483435344470066,0.9999268459326146,0.030000000000000006,0.2,0.91331924974223,1.0,1.0,1.0,1.0,1.0,1.0
679,LSD1-positive promoters are associated with RNA polymerase II,5,6,5,0.0,0.0,8,0.012161850929260254,0.03959548473358154,0.012293998396853119,0.0314418209050797,0.9998909005143686,0.4625,0.625,0.8896130416882304,0.0,0.0,0.0,0.0,0.0,0.0
681,Lack of FGF21 in mice leads to atherosclerotic plaque formation.,5,6,5,1.0,1.0,10,0.1528226137161255,0.21911704540252686,0.06320939200548774,0.058504241548213154,0.9995965180148404,0.525,0.8,0.9014482419638682,1.0,1.0,1.0,1.0,1.0,1.0
683,Lack of FGF21 in mice slows the rate of atherosclerotic plaque formation.,5,6,5,1.0,1.0,11,0.149652898311615,0.22120320796966553,0.0624228106795204,0.05879724911489269,0.9995925588359493,0.46363636363636357,0.7272727272727273,0.9013960788083297,1.0,1.0,1.0,1.0,1.0,1.0
686,Lamins are found within the inner layer of the mitochondrial membrane of all cells.,5,1,5,0.3562071871080222,0.0,12,0.03444376587867737,0.11121371388435364,0.033983567029137185,0.04400497689125883,0.9997799485921967,0.425,0.6666666666666666,0.8928119836402453,0.3562071871080222,0.31546487678572877,0.0,0.0,0.0,0.0
688,Lamins have no effect on nuclear membrane structure maintenance.,5,6,5,0.5,0.5,9,0.05034762620925903,0.2444087266921997,0.08721802666504765,0.05330190245684164,0.9996521835110049,0.2444444444444444,0.4444444444444444,0.9027597738214972,0.5,0.5,0.5,0.5,0.5,0.5
736,MFGE8 regulates fat absorption by binding to av-Beta3 and av-Beta5 integrins.,5,6,5,1.0,1.0,11,0.21126145124435425,0.2646435499191284,0.0756862432987132,0.04706443647544043,0.9997320102332629,0.309090909090909,0.45454545454545453,0.8976835346094362,1.0,1.0,1.0,1.0,1.0,1.0
738,MICAL redox enzymes regulate actin dynamics.,30,3,30,0.6713860725233041,0.6713860725233041,6,0.011429548263549805,0.10238021612167358,0.036280005025989756,0.07061770140224138,0.9994225259631783,0.3166666666666666,1.0,0.8910370114830707,0.46927872602275644,0.46927872602275644,0.46927872602275644,0.6713860725233041,0.6713860725233041,0.6713860725233041
740,MUC1-C activates the NF-κB p65 signaling pathway by interacting with IκB kinase ß.,5,6,5,1.0,1.0,13,0.210826575756073,0.2767487168312073,0.07835967805741176,0.049724033823962316,0.9996969102011348,0.35000000000000003,0.7692307692307693,0.8970535387582877,1.0,1.0,1.0,1.0,1.0,1.0
748,MafA ubiquitination increases the recruitment of coavtivator P/CAF by MafA.,5,6,5,1.0,1.0,10,0.028267979621887207,0.09076598286628723,0.029606986164950173,0.02685815275133276,0.9999188806888608,0.325,0.9,0.9136275387873531,1.0,1.0,1.0,1.0,1.0,1.0
766,Medications to treat obesity have unwanted side effects.,5,6,5,0.6309297535714575,0.6309297535714575,8,0.0025357604026794434,0.14066600799560547,0.048489694836053775,0.06021732431068772,0.9995788081636708,0.33125,0.625,0.8982337631687964,0.6309297535714575,0.6309297535714575,0.6309297535714575,0.6309297535714575,0.6309297535714575,0.6309297535714575
767,Men are more susceptible to death due to pneumonia when compared to women.,5,1,5,0.6309297535714575,0.3010299956639812,11,0.12370595335960388,0.22359523177146912,0.06386813051635935,0.048681501512305936,0.9997206690293964,0.37272727272727263,0.6363636363636364,0.8887973578997999,0.6309297535714575,0.5,0.5,0.38685280723454163,0.3333333333333333,0.3010299956639812
771,Metastatic colorectal cancer treated with a single agent fluoropyrimidines resulted in similar efficacy and better quality of life when compared with oxaliplatin-based chemotherapy in elderly patients.,5,6,5,0.6309297535714575,0.6309297535714575,24,0.08629649877548218,0.2869248390197754,0.09443903206171468,0.06634000287232474,0.9994607041950636,0.4,0.7083333333333334,0.8903172233564229,0.6309297535714575,0.6309297535714575,0.6309297535714575,0.6309297535714575,0.6309297535714575,0.6309297535714575
774,Mice defective for deoxyribonucleic acid (DNA) polymerase I (polI) fail to reveal increased sensitivity to ionizing radiation (IR).,20,2,20,0.3562071871080222,0.3333333333333333,17,0.009038209915161133,0.20753929018974304,0.07553535696781409,0.06342642369309905,0.9995150564288275,0.2941176470588235,0.47058823529411764,0.8906789110624933,0.0,0.0,0.3562071871080222,0.3562071871080222,0.3333333333333333,0.3333333333333333
78,Active caspase-11 participate in regulating phagosome-lysosome fusion.,5,6,5,1.0,1.0,7,0.13224577903747559,0.21611279249191284,0.0624827390369645,0.04378865629626212,0.9997726300743502,0.19999999999999998,0.5714285714285714,0.9086720785394435,1.0,1.0,1.0,1.0,1.0,1.0
780,Mice that lack Interferon-γ or its receptor are highly susceptible to experimental autoimmune myocarditis.,5,6,5,1.0,1.0,14,0.01901078224182129,0.22974956035614014,0.07789062551990404,0.07019217734599022,0.9993953837501364,0.4142857142857143,0.7857142857142857,0.8852240513646857,1.0,1.0,1.0,1.0,1.0,1.0
789,Microglia are an innate immune cell type of the central nervous system.,5,6,5,0.6309297535714575,0.6309297535714575,12,0.09415030479431152,0.2521648406982422,0.07534909169266536,0.061889077594355094,0.9995368394582502,0.4875,0.8333333333333334,0.899601106571967,0.6309297535714575,0.6309297535714575,0.6309297535714575,0.6309297535714575,0.6309297535714575,0.6309297535714575
790,Microglia are an innate immune cell type of the peripheral nervous system.,5,6,5,0.5,0.5,12,0.07577067613601685,0.2272898554801941,0.06788041609335625,0.05910081701743116,0.999581772505822,0.4666666666666667,0.75,0.8987793424672393,0.5,0.5,0.5,0.5,0.5,0.5
791,Migraine with aura is associated with ischemic stroke.,5,6,5,0.5,0.5,7,0.029949486255645752,0.22176313400268555,0.06757380129638453,0.11651308153093545,0.9983089428887707,0.5214285714285715,0.8571428571428571,0.9049009558871988,0.5,0.5,0.5,0.5,0.5,0.5
801,Monoclonal antibody targeting of N-cadherin encourages castration resistance.,5,6,5,1.0,1.0,8,0.10355228185653687,0.2414034903049469,0.06896108036049861,0.06148247451542823,0.9995444950971848,0.21875,0.875,0.8969194813973692,1.0,1.0,1.0,1.0,1.0,1.0
812,Mutant mice lacking SVCT2 have severely reduced ascorbic acid levels in both brain and adrenals.,5,6,5,1.0,1.0,15,0.13864248991012573,0.2207874357700348,0.0633458114429337,0.03927964043358705,0.9998156245678109,0.30333333333333334,0.6666666666666666,0.9041488837843493,1.0,1.0,1.0,1.0,1.0,1.0
818,Myelin sheaths play a role in action potential propagation.,20,1,20,0.38685280723454163,0.2890648263178879,9,0.001073300838470459,0.09953951835632324,0.0379885852941363,0.035382935633476,0.9998585623335743,0.2777777777777778,0.5555555555555556,0.9041662055150362,0.0,0.0,0.38685280723454163,0.31546487678572877,0.3010299956639812,0.2890648263178879
825,N348I mutations reduce resistance to nevirapine.,5,6,5,0.6309297535714575,0.6309297535714575,6,0.030925869941711426,0.27865681052207947,0.10897430126225997,0.06157374884367483,0.9995247999387751,0.32500000000000007,0.8333333333333334,0.903375188758421,0.6309297535714575,0.6309297535714575,0.6309297535714575,0.6309297535714575,0.6309297535714575,0.6309297535714575
855,Noninvasive positive pressure ventilation is not predictive of acute respiratory failure after solid organ transplantation.,5,6,5,1.0,1.0,15,0.2231818437576294,0.3364182114601135,0.09411952011546945,0.0683317870120276,0.9994166560382431,0.3533333333333334,0.6666666666666666,0.8974846791487855,1.0,1.0,1.0,1.0,1.0,1.0
857,Nonsteroidal antinflammatory drugs show potential anticancer indications.,100,1,100,0.38685280723454163,0.38685280723454163,7,0.06790757179260254,0.09405785799026489,0.025654019133766044,0.032994792185173365,0.9998771542196959,0.12142857142857141,0.42857142857142855,0.9052812040842597,0.0,0.0,0.0,0.0,0.0,0.38685280723454163
860,Normal granulomas form in the absence of TNF in Zebrafish.,5,6,5,1.0,1.0,9,0.08125424385070801,0.20229896903038025,0.06336613423996526,0.043040391517770865,0.9997804011849475,0.42777777777777776,0.7777777777777778,0.9097297707846362,1.0,1.0,1.0,1.0,1.0,1.0
871,Obesity decreases life quality.,5,6,5,0.0,0.0,4,0.12187319993972778,0.19017893075942993,0.05455747091848223,0.048530893350517613,0.999726900366278,0.2375,0.75,0.8895470627884479,0.0,0.0,0.0,0.0,0.0,0.0
877,Occipital activation levels are associated with auditory spatial performance in parietal regions of the brain.,5,6,5,0.6309297535714575,0.6309297535714575,15,0.03479015827178955,0.2109430432319641,0.0663158420070844,0.0894785135882797,0.999051847499459,0.40666666666666673,0.6,0.8950289290821346,0.6309297535714575,0.6309297535714575,0.6309297535714575,0.6309297535714575,0.6309297535714575,0.6309297535714575
881,Omnivores produce less trimethylamine N-oxide from dietary I-carnitine than vegans.,5,6,5,1.0,1.0,10,0.1862020194530487,0.31695863604545593,0.0968833899576435,0.055965937954674146,0.9996079097492501,0.205,0.4,0.905551575925996,1.0,1.0,1.0,1.0,1.0,1.0
883,Omnivores produce more trimethylamine N-oxide from dietary I-carnitine than vegans.,5,6,5,1.0,1.0,10,0.19202226400375366,0.326829731464386,0.09971232788724393,0.056004648580064716,0.999605678330257,0.22999999999999998,0.5,0.905551575925996,1.0,1.0,1.0,1.0,1.0,1.0
886,One in two surgical randomized controlled trials are discontinued early.,5,6,5,1.0,1.0,10,0.2327718436717987,0.29865896701812744,0.08280730810154341,0.05027697594931335,0.9996880989621034,0.40499999999999997,0.8,0.8986993268057669,1.0,1.0,1.0,1.0,1.0,1.0
898,Oxidative DNA damage activates STING signalling.,5,2,5,0.7977228895450266,0.6131471927654584,6,0.020330071449279785,0.17582008242607117,0.060140494768394434,0.050986923333321416,0.9996951805155645,0.3583333333333333,0.5,0.8961926858767703,0.7977228895450266,0.7977228895450266,0.6131471927654584,0.6131471927654584,0.6131471927654584,0.6131471927654584
9,32% of liver transplantation programs required patients to discontinue methadone treatment in 2001.,5,6,5,1.0,1.0,13,0.17614197731018066,0.43516334891319275,0.13476048751498637,0.0651932359721381,0.999422401575154,0.3692307692307693,0.7692307692307693,0.9023680085028627,1.0,1.0,1.0,1.0,1.0,1.0
91,Aged patients are less susceptible to ischaemia/reperfusion injury.,5,6,5,0.0,0.0,9,0.004156321287155151,0.07395827770233154,0.028676092168036266,0.03828822744971696,0.9998345341109687,0.2555555555555555,0.3333333333333333,0.8931525374784111,0.0,0.0,0.0,0.0,0.0,0.0
938,Persister cells provide relapse resistance in cancer patients.,5,1,5,0.5,0.0,8,0.0254402756690979,0.0874972939491272,0.027405607778009367,0.03950956642657837,0.9998234695205046,0.4625,0.625,0.8961536448883795,0.5,0.43067655807339306,0.2890648263178879,0.0,0.0,0.0
949,Physical injury represses transgultaminase activity.,5,6,5,0.0,0.0,5,0.035490572452545166,0.09015810489654541,0.028233855104710322,0.027695289826745843,0.999913702565788,0.16,0.4,0.9162776976247339,0.0,0.0,0.0,0.0,0.0,0.0
962,Post-transcriptional handling of mitochondrial transcripts occurs in mitochondrial RNA granules.,5,6,5,0.8854598815714874,0.8854598815714874,9,0.08340644836425781,0.2399187684059143,0.07220510087677857,0.06674419121972398,0.9994624700433253,0.39999999999999997,0.6666666666666666,0.8851391239319738,0.8854598815714874,0.8854598815714874,0.8854598815714874,0.8854598815714874,0.8854598815714874,0.8854598815714874
965,Prescribed exercise training improves quality of life.,5,6,5,0.5,0.5,7,0.008520424365997314,0.12781912088394165,0.0456316276760951,0.06455707819797823,0.9995220868859799,0.34285714285714286,0.7142857142857143,0.8970126052151998,0.5,0.5,0.5,0.5,0.5,0.5
969,PrimPol degrades short DNA replication intermediates on the leading strand during DNA replication.,5,1,5,0.5706417189553201,0.5,11,0.012583732604980469,0.307081013917923,0.1035961342266404,0.07636329269281301,0.9992621256494,0.4545454545454545,0.7272727272727273,0.886422870277807,0.5706417189553201,0.5437713091520254,0.5249810332008933,0.5249810332008933,0.5249810332008933,0.5
98,Alirocumab treatment reduces apo(a) fractional clearance rate.,5,6,5,1.0,1.0,8,0.048543334007263184,0.11651825904846191,0.03656236804280601,0.031024310719548778,0.9998910577425778,0.28125,0.75,0.9069275187783422,1.0,1.0,1.0,1.0,1.0,1.0
996,Pyridostatin induces checkpoint activation.,10,5,10,1.0,1.0,4,0.008894592523574829,0.04032263159751892,0.012412191938179346,0.031110593247291513,0.9998923322154811,0.3,0.75,0.8901950613941618,0.31546487678572877,1.0,1.0,1.0,1.0,1.0
